Angulo,Calado,Rotacao,Vw,Fx_popa_bom,Fx_popa_bor,Fx_proa_bom,Fx_proa_bor,Fy_popa_bom,Fy_popa_bor,Fy_proa_bom,Fy_proa_bor,Fx_popa_bom,Fx_popa_bor,Fx_proa_bom,Fx_proa_bor,Fy_popa_bom,Fy_popa_bor,Fy_proa_bom,Fy_proa_bor,fx_rotores,fy_rotores,fx_casco_sup,fx,Lift_popa_bom,Lift_popa_bor,Lift_proa_bom,Lift_proa_bor,Drag_popa_bom,Drag_popa_bor,Drag_proa_bom,Drag_proa_bor,CL_popa_bom,CL_popa_bor,CL_proa_bom,CL_proa_bor,CD_popa_bom,CD_popa_bor,CD_proa_bom,CD_proa_bor,Media LIFT,Media DRAG,Mz_popa_bom,Mz_popa_bor,Mz_proa_bom,Mz_proa_bor,Mz_rotor,c_x,P_popa_bom,P_popa_bor,P_proa_bom,P_proa_bor,Pcons
0,8.5,100,6,9137,9702,12114,9882,-20489,-21495,-20634,-21059,9.1,9.7,12.1,9.9,-20.5,-21.5,-20.6,-21.1,40.8,-83.7,16.8,57.6,20.5,21.5,20.6,21.1,9.1,9.7,12.1,9.9,5.4,5.7,5.5,5.6,2.4,2.6,3.2,2.6,20.9,10.2,-2246.3,-2149.5,-2246.2,-2050.5,8692.5,2.701,26136.8873250324,25010.5681810787,26135.7237721978,23858.6508747625,134.855773537429
0,8.5,100,10,19470,23327,33629,30226,-64358,-51751,-37886,-54062,19.5,23.3,33.6,30.2,-64.4,-51.8,-37.9,-54.1,106.7,-208.1,43.5,150.2,64.4,51.8,37.9,54.1,19.5,23.3,33.6,30.2,6.1,4.9,3.6,5.1,1.9,2.2,3.2,2.9,52.0,26.7,-2009.5,-2190,-2220.6,-2227.1,8647.2,2.539,23381.5942125507,25481.8070791172,25837.8542465241,25913.4851807771,134.152987625292
0,8.5,100,12,20251,28101,40301,37446,-80261,-71552,-52481,-73515,20.3,28.1,40.3,37.4,-80.3,-71.6,-52.5,-73.5,126.1,-277.8,66.2,192.3,80.3,71.6,52.5,73.5,20.3,28.1,40.3,37.4,5.3,4.7,3.5,4.9,1.3,1.9,2.7,2.5,69.5,31.5,-1918.4,-2223.9,-2262.7,-2613,9018,2.085,22321.5975801728,25876.2514900679,26327.7099899171,30403.6355697412,139.905592839865
0,8.5,180,6,7769,7147,11847,5782,-14845,-15679,-22501,-17440,7.8,7.1,11.8,5.8,-14.8,-15.7,-22.5,-17.4,32.5,-70.5,20.7,53.2,14.8,15.7,22.5,17.4,7.8,7.1,11.8,5.8,3.9,4.1,6.0,4.6,2.1,1.9,3.1,1.5,17.6,8.1,-7196.7,-7159.8,-6969.4,-7210.4,28536.3,2.152,150727.332333931,149954.500541148,145966.772266191,151014.264462959,796.883826138973
0,8.5,180,10,20360,25660,33580,34640,-54210,-52670,-35640,-53740,20.4,25.7,33.6,34.6,-54.2,-52.7,-35.6,-53.7,114.2,-196.3,45.0,159.2,54.2,52.7,35.6,53.7,20.4,25.7,33.6,34.6,5.2,5.0,3.4,5.1,1.9,2.4,3.2,3.3,49.1,28.6,-6616.8,-6620.6,-6788.6,-6355.6,26381.6,2.720,138581.935135153,138661.522149044,142180.105921064,133111.375127702,736.713251110618
0,8.5,180,12,30809,35470,51604,52212,-84345,-79048,-54962,-86161,30.8,35.5,51.6,52.2,-84.3,-79.0,-55.0,-86.2,170.1,-304.5,65.3,235.4,84.3,79.0,55.0,86.2,30.8,35.5,51.6,52.2,5.6,5.2,3.6,5.7,2.0,2.3,3.4,3.5,76.1,42.5,-6263.7,-6435.7,-6506.9,-6789.6,25995.9,2.812,131186.626028603,134788.985604719,136280.194917623,142201.049872088,725.94247523071
0,16,100,6,9387,8512,11425,13097,-23530,-19424,-19527,-17962,9.4,8.5,11.4,13.1,-18.0,-19.4,-19.5,-18.0,42.4,-74.9,17.7,60.1,18.0,19.4,19.5,18.0,9.4,8.5,11.4,13.1,4.8,5.1,5.2,4.8,2.5,2.3,3.0,3.5,18.7,10.6,-2260.9,-2225.2,-2255.1,-2088.7,8829.9,2.806,26306.7660388932,25891.3776769185,26239.2799744827,24303.1280576037,136.987402330531
0,16,100,10,19582,21687,34364,31570,-66510,-49306,-36452,-57041,19.6,21.7,34.4,31.6,-66.5,-49.3,-36.5,-57.0,107.2,-209.3,37.9,145.1,66.5,49.3,36.5,57.0,19.6,21.7,34.4,31.6,6.3,4.7,3.5,5.4,1.9,2.1,3.3,3.0,52.3,26.8,-2037,-2194.2,-2281.4,-2156.1,8668.7,2.552,23701.571242083,25530.6762981731,26545.2943699991,25087.3626681665,134.486539437896
0,16,100,12,21476,27447,38003,35131,-89803,-70000,-51339,-73585,21.5,27.4,38.0,35.1,-89.8,-70.0,-51.3,-73.6,122.1,-284.7,54.3,176.3,89.8,70.0,51.3,73.6,21.5,27.4,38.0,35.1,5.9,4.6,3.4,4.9,1.4,1.8,2.5,2.3,71.2,30.5,-1893.9,-2321,-2329.4,-2511,9055.3,2.018,22036.5271356804,27006.0612925256,27103.7997306373,29216.8116783851,140.484266449638
0,16,180,6,10664,8021,9036,6562,-20702,-16457,-18424,-16704,10.7,8.0,9.0,6.6,-20.7,-16.5,-18.4,-16.7,34.3,-72.3,18.5,52.8,20.7,16.5,18.4,16.7,10.7,8.0,9.0,6.6,5.5,4.4,4.9,4.4,2.8,2.1,2.4,1.7,18.1,8.6,-7170.3,-7192.6,-7188.4,-7121.3,28672.6,2.267,150174.412026899,150641.462134733,150553.497540432,149148.158426727,800.690040171722
0,16,180,10,19243,23293,32194,35899,-55302,-52251,-38888,-57788,19.2,23.3,32.2,35.9,-55.3,-52.3,-38.9,-57.8,110.6,-204.2,37.7,148.4,55.3,52.3,38.9,57.8,19.2,23.3,32.2,35.9,5.3,5.0,3.7,5.5,1.8,2.2,3.1,3.4,51.1,27.7,-6831.3,-6773.3,-6923.7,-6172,26700.3,2.634,143074.412629786,141859.663470398,145009.633704398,129266.065719708,745.613034032387
0,16,180,12,22837,24531,40368,35990,-86568,-91798,-60179,-91913,22.8,24.5,40.4,36.0,-86.6,-91.8,-60.2,-91.9,123.7,-330.5,55.4,179.1,86.6,91.8,60.2,91.9,22.8,24.5,40.4,36.0,5.7,6.1,4.0,6.1,1.5,1.6,2.7,2.4,82.6,30.9,-6352,-6433,-6959,-6273,26017,2.046,133035.976904016,134732.436936954,145748.955175542,131381.404773125,726.531698386184
30,8.5,100,6,22988,26355,27756,27345,-3830,-18005,-4338,-16749,23.0,26.4,27.8,27.3,-3.8,-18.0,-4.3,-16.7,104.4,-42.9,16.7,121.2,14.8,28.8,17.6,28.2,18.0,13.8,21.9,15.3,3.9,7.6,4.7,7.5,4.8,3.7,5.8,4.0,22.3,17.2,-2069.2,-2116,-2015.8,-2176.1,8377.1,6.908,24076.2352548444,24620.7779814667,23454.8980411345,25320.0732350991,129.962646016726
30,8.5,100,10,63022,61009,71585,74806,-12327,-48000,-28504,-56515,63.0,61.0,71.6,74.8,-12.3,-48.0,-28.5,-56.5,270.4,-145.3,50.6,321.0,42.2,72.1,60.5,86.3,48.4,28.8,47.7,36.5,4.0,6.9,5.8,8.2,4.6,2.7,4.5,3.5,65.3,40.4,-1957.6,-2036.5,-2101.7,-2284.6,8380.4,6.439,22777.7102913607,23695.7534779097,24454.3899261099,26582.5280607083,130.013842341451
30,8.5,100,12,72960,79610,95510,92770,-19500,-66650,-45700,-75180,73.0,79.6,95.5,92.8,-19.5,-66.7,-45.7,-75.2,340.9,-207.0,73.1,413.9,53.4,97.5,87.3,111.5,53.4,35.6,59.9,42.8,3.5,6.5,5.8,7.4,3.5,2.4,4.0,2.8,87.4,47.9,-2150,-2094,-2142.8,-2373.7,8760.5,5.636,25016.3859452521,24364.7963578408,24932.6101411563,27619.2536363929,135.910728107523
30,8.5,180,6,22786,23425,20229,20892,-7515,-15718,-6331,-10375,22.8,23.4,20.2,20.9,-7.5,-15.7,-6.3,-10.4,87.3,-39.9,22.7,110.1,17.9,25.3,15.6,19.4,16.0,12.4,14.4,12.9,4.7,6.7,4.1,5.1,4.2,3.3,3.8,3.4,19.6,13.9,-7088.9,-6860.6,-7126.1,-6957,28032.6,5.776,148469.574413551,143688.070394788,149248.689391642,145707.067273495,782.8178686313
30,8.5,180,10,40560,72840,86610,79520,-570,-49130,-18510,-51280,40.6,72.8,86.6,79.5,-0.6,-49.1,-18.5,-51.3,279.5,-119.5,55.8,335.4,20.8,79.0,59.3,84.2,34.8,38.5,65.8,43.2,2.0,7.5,5.7,8.0,3.3,3.7,6.3,4.1,60.8,45.6,-6508.2,-6206.9,-6025.1,-6646,25386.2,6.655,136307.422053954,129997.009610443,126189.399314292,139193.498505052,708.916439311655
30,8.5,180,12,64758,102403,130397,127928,-12686,-75521,-22178,-85568,64.8,102.4,130.4,127.9,-12.7,-75.5,-22.2,-85.6,425.5,-196.0,84.0,509.5,43.4,116.6,84.4,138.1,49.7,50.9,101.8,68.0,2.9,7.7,5.6,9.1,3.3,3.4,6.7,4.5,95.6,67.6,-6407.3,-6224.7,-6008.4,-5356.3,23996.7,7.035,134194.177395639,130369.811938669,125839.635332193,112182.084869487,670.114279381317
30,16,100,6,24443,24341,25477,27816,-5535,-18184,-6644,-19248,24.4,24.3,25.5,27.8,-5.5,-18.2,-6.6,-19.2,102.1,-49.6,15.5,117.6,17.0,27.9,18.5,30.6,18.4,12.0,18.7,14.5,4.5,7.4,4.9,8.1,4.9,3.2,5.0,3.8,23.5,15.9,-2099.5,-2091.8,-2063.8,-2099.69,8354.79,6.751,24428.7917637473,24339.1981954783,24013.4034017727,24431.0025141332,129.616527833508
30,16,100,10,59205,53803,72531,71377,-12474,-46376,-29751,-53795,59.2,53.8,72.5,71.4,-12.5,-46.4,-29.8,-53.8,256.9,-142.4,47.7,304.6,40.4,67.1,62.0,82.3,45.0,23.4,47.9,34.9,3.8,6.4,5.9,7.8,4.3,2.2,4.6,3.3,62.9,37.8,-2244,-2101.2,-2135.5,-1910.5,8391.2,6.117,26110.1256098352,24448.5721619366,24847.6707842259,22229.6769062344,130.181393949643
30,16,100,12,73540,71750,89430,88570,-26430,-64940,-46040,-76140,73.5,71.8,89.4,88.6,-26.4,-64.9,-46.0,-76.1,323.3,-213.6,62.5,385.8,59.7,92.1,84.6,110.2,50.5,29.7,54.4,38.6,3.9,6.1,5.6,7.3,3.3,2.0,3.6,2.6,86.6,43.3,-2200.7,-2077,-2071.6,-2284.2,8633.5,5.345,25606.3072324261,24166.9923759481,24104.1605228764,26577.8738493696,133.940445307494
30,16,180,6,21503,20444,22472,23589,-6585,-15139,-6498,-10215,21.5,20.4,22.5,23.6,-6.6,-15.1,-6.5,-10.2,88.0,-38.4,17.3,105.3,16.5,23.3,16.9,20.6,15.3,10.1,16.2,15.3,4.4,6.2,4.5,5.5,4.1,2.7,4.3,4.1,19.3,14.2,-7122.4,-6905.1,-7220.1,-7131.6,28379.2,5.821,149171.196772853,144620.076215353,151217.420787891,149363.881122273,792.49676653116
30,16,180,10,53510,69020,70760,74190,-5650,-51910,-23710,-53890,53.5,69.0,70.8,74.2,-5.7,-51.9,-23.7,-53.9,267.5,-135.2,47.8,315.3,31.6,79.5,55.9,83.8,43.5,33.8,49.4,37.3,3.0,7.6,5.3,8.0,4.1,3.2,4.7,3.6,62.7,41.0,-6361.4,-6281.1,-6503.4,-5909.8,25055.7,6.369,133232.850043641,131551.050776419,136206.891089039,123774.561761233,699.687138227109
30,16,180,12,76300,100890,121670,122140,-7150,-75410,-28080,-86300,76.3,100.9,121.7,122.1,-7.2,-75.4,-28.1,-86.3,421.0,-196.9,66.2,487.2,44.3,115.8,85.2,135.8,62.5,49.7,91.3,62.6,2.9,7.7,5.6,9.0,4.1,3.3,6.0,4.1,95.3,66.5,-6247.4,-6193.3,-6209.3,-5398.4,24048.4,6.961,130845.239626912,129712.171876518,130047.275092901,113063.825207594,671.558015738567
60,8.5,100,6,24260,26807,18221,27560,4683,-95,4365,-1203,24.3,26.8,18.2,27.6,4.7,-0.1,4.4,-1.2,96.8,7.7,15.6,112.4,18.7,23.3,13.6,24.5,16.2,13.3,12.9,12.7,4.9,6.2,3.6,6.5,4.3,3.5,3.4,3.4,20.0,13.8,-2165,-2065.1,-2237.3,-2123.9,8591.3,6.405,25190.9188704515,24028.5295886233,26032.1675699128,24712.698655405,133.285752912523
60,8.5,100,10,59240,72706,31355,65305,5880,-4177,5934,-6208,59.2,72.7,31.4,65.3,5.9,-4.2,5.9,-6.2,228.6,1.4,37.5,266.1,48.4,65.1,24.2,59.7,34.7,32.7,20.8,27.3,4.6,6.2,2.3,5.7,3.3,3.1,2.0,2.6,49.3,28.9,-2189.5,-2060.4,-2383.4,-2345.3,8978.6,5.443,25475.9893149439,23973.8426053941,27732.1182613552,27288.8046313487,139.294339750723
60,8.5,100,12,75640,95540,50990,81660,6630,-7760,7280,-9800,75.6,95.5,51.0,81.7,6.6,-7.8,7.3,-9.8,303.8,-3.7,54.3,358.1,62.2,86.6,40.5,75.6,43.6,41.0,31.8,32.3,4.1,5.7,2.7,5.0,2.9,2.7,2.1,2.1,66.2,37.2,-2301.8,-2153.4,-2527.9,-2516.8,9499.9,5.024,26782.6591482703,25055.9467416306,29413.4521074431,29284.2977427955,147.381807653519
60,8.5,180,6,24021,28143,20673,26011,2753,175,2606,625,24.0,28.1,20.7,26.0,2.8,0.2,2.6,0.6,98.8,6.2,14.7,113.6,19.4,24.3,16.6,22.2,14.4,14.2,12.6,13.5,5.1,6.4,4.4,5.9,3.8,3.8,3.3,3.6,20.6,13.7,-6878,-6789.5,-6959.2,-6968.1,27594.8,6.538,144052.495142604,142198.955476986,145753.143965747,145939.54512986,770.59218628693
60,8.5,180,10,73490,83540,37010,63230,13890,930,9460,-810,73.5,83.5,37.0,63.2,13.9,0.9,9.5,-0.8,257.3,23.5,30.5,287.8,56.7,71.9,27.3,55.2,48.8,42.6,26.7,30.9,5.4,6.8,2.6,5.3,4.6,4.1,2.5,2.9,52.8,37.2,-6605.1,-6224,-7070.3,-6447.3,26346.7,6.125,138336.890908173,130355.151172952,148080.016924506,135031.935436596,735.738659256304
60,8.5,180,12,102894,118337,63368,92600,20123,517,16673,-2426,102.9,118.3,63.4,92.6,20.1,0.5,16.7,-2.4,377.2,34.9,48.5,425.7,79.0,102.2,46.5,81.4,68.9,59.6,46.1,44.2,5.2,6.8,3.1,5.4,4.6,3.9,3.1,2.9,77.3,54.7,-6694.7,-6125.3,-6983.1,-6241.4,26044.5,6.237,140213.468919917,128287.98320689,146253.704395219,130719.575920769,727.299643257061
60,16,100,6,28398,31331,26442,31908,2821,-2392,3208,-2187,28.4,31.3,26.4,31.9,2.8,-2.4,3.2,-2.2,118.1,1.5,11.8,129.9,23.2,28.3,21.3,28.7,16.6,13.6,16.0,14.1,6.1,7.5,5.6,7.6,4.4,3.6,4.2,3.7,25.4,15.1,-2037.1,-2039.6,-2159,-2173.2,8408.9,7.809,23702.7347949177,23731.8236157842,25121.1057003717,25286.3302028938,130.455992418623
60,16,100,10,78942,82479,67453,82816,661,-14259,4633,-11647,78.9,82.5,67.5,82.8,0.7,-14.3,4.6,-11.6,311.7,-20.6,25.0,336.7,68.0,78.6,56.1,77.5,40.0,28.9,37.7,31.3,6.5,7.5,5.3,7.4,3.8,2.8,3.6,3.0,70.1,34.5,-2058.9,-2028.9,-2169.6,-2343.8,8601.2,7.421,23956.3893128742,23607.3234624753,25244.442300846,27271.3513388287,133.439341886699
60,16,100,12,94681,105887,77767,103508,-1712,-23851,4673,-19827,94.7,105.9,77.8,103.5,-1.7,-23.9,4.7,-19.8,381.8,-40.7,35.0,416.8,82.9,103.6,65.0,99.6,45.9,32.3,42.9,34.6,5.5,6.9,4.3,6.6,3.0,2.1,2.8,2.3,87.8,38.9,-2150.7,-2152.5,-2325.7,-2483.9,9112.8,6.314,25024.5308150947,25045.4747661186,27060.7482757547,28901.4888601914,141.376323622879
60,16,180,6,24452,26635,23478,27583,4866,1091,4505,524,24.5,26.6,23.5,27.6,4.9,1.1,4.5,0.5,102.1,11.0,9.2,111.4,18.7,22.5,18.1,23.6,16.4,14.3,15.6,14.2,5.0,6.0,4.8,6.3,4.3,3.8,4.1,3.8,20.7,15.1,-7222.3,-7394,-7284.4,-7395.9,29296.6,6.756,151263.497480144,154859.573870953,152564.11683873,154899.367377898,818.115407423633
60,16,180,10,79421,84069,60611,84061,9148,7356,-7339,10764,79.4,84.1,60.6,84.1,9.1,7.4,-7.3,10.8,308.2,19.9,30.5,338.7,64.2,69.1,56.2,67.4,47.6,48.4,23.9,51.4,6.1,6.6,5.3,6.4,4.5,4.6,2.3,4.9,64.2,42.8,-6114.9,-6085.7,-6531.9,-6481.5,25214,7.337,128070.166116242,127458.602746343,136803.793693221,135748.218561615,704.10770815656
60,16,180,12,121383,130102,107916,128625,9284,-13562,16268,-10411,121.4,130.1,107.9,128.6,9.3,-13.6,16.3,-10.4,488.0,1.6,37.0,525.1,100.5,119.5,85.3,116.6,68.7,53.3,68.0,55.3,6.6,7.9,5.6,7.7,4.5,3.5,4.5,3.7,105.5,61.3,-6425.4,-5975,-6458.2,-5706.3,24564.9,8.069,134573.262909172,125140.107367993,135260.224502757,119512.467727863,685.981416677048
90,8.5,100,6,23352,20643,25248,25144,13327,14123,10894,14663,23.4,20.6,25.2,25.1,13.3,14.1,10.9,14.7,94.4,53.0,9.1,103.5,23.4,20.6,25.2,25.1,13.3,14.1,10.9,14.7,6.2,5.5,6.7,6.7,3.5,3.7,2.9,3.9,23.6,13.3,-2105.7,-2237.1,-2105,-2234.2,8682,6.243,24500.9320394964,26029.8404642434,24492.7871696538,25996.0974320382,134.692876140576
90,8.5,100,10,47278,48873,60336,62881,22637,25862,22478,24003,47.3,48.9,60.3,62.9,22.6,25.9,22.5,24.0,219.4,95.0,16.2,235.5,47.3,48.9,60.3,62.9,22.6,25.9,22.5,24.0,4.5,4.7,5.7,6.0,2.2,2.5,2.1,2.3,54.8,23.7,-2225,-2320,-2233.3,-2401.5,9179.8,5.223,25889.0505712492,26994.425764179,25985.6254565262,27942.7213244292,142.415764155178
90,8.5,100,12,78610,71290,91380,84295,26937,23737,26953,29222,78.6,71.3,91.4,84.3,26.9,23.7,27.0,29.2,325.6,106.8,36.2,361.7,78.6,71.3,91.4,84.3,26.9,23.7,27.0,29.2,5.2,4.7,6.0,5.6,1.8,1.6,1.8,1.9,81.4,26.7,-2424.3,-2322.2,-2274.1,-2100.4,9121,5.383,28208.0113707324,27020.0239265415,26460.3550130687,24439.2637392593,141.503538732802
90,8.5,180,6,20496,19717,22022,21486,9637,10854,9863,10846,20.5,19.7,22.0,21.5,9.6,10.9,9.9,10.8,83.7,41.2,8.4,92.2,20.5,19.7,22.0,21.5,9.6,10.9,9.9,10.8,5.4,5.2,5.8,5.7,2.5,2.9,2.6,2.9,20.9,10.3,-7178.8,-7183,-6925.8,-7041.5,28329.1,5.537,150352.435610603,150440.400204903,145053.616001548,147476.831135017,791.097710602761
90,8.5,180,10,48720,43510,61360,59980,28370,26170,29390,28340,48.7,43.5,61.4,60.0,28.4,26.2,29.4,28.3,213.6,112.3,20.4,233.9,48.7,43.5,61.4,60.0,28.4,26.2,29.4,28.3,4.6,4.1,5.8,5.7,2.7,2.5,2.8,2.7,53.4,28.1,-6895.3,-7354.7,-6646.7,-6369.4,27266.1,5.085,144414.825495318,154036.476595712,139208.159270769,133400.401651832,761.413150684841
90,8.5,180,12,68135,69718,89658,88623,39250,40406,39324,39850,68.1,69.7,89.7,88.6,39.2,40.4,39.3,39.9,316.1,158.8,24.2,340.3,68.1,69.7,89.7,88.6,39.2,40.4,39.3,39.9,4.5,4.6,5.9,5.9,2.6,2.7,2.6,2.6,79.0,39.7,-6871.4,-6825.9,-6571.3,-6222.4,26491,5.227,143914.265065846,142961.315294257,137628.985363564,130321.640851314,739.768275433308
90,16,100,6,26958,19561,28762,21645,12879,9344,12172,10294,27.0,19.6,28.8,21.6,12.9,9.3,12.2,10.3,96.9,44.7,5.2,102.1,27.0,19.6,28.8,21.6,12.9,9.3,12.2,10.3,7.1,5.2,7.6,5.7,3.4,2.5,3.2,2.7,24.2,11.2,-2224.1,-2345.7,-2093.3,-2274.7,8937.84493792551,6.410,25879.1014722434,27293.4588426873,24356.6514879982,26467.3363300767,138.662064177341
90,16,100,10,67097,52826,75516,61125,27066,23353,27298,23112,67.1,52.8,75.5,61.1,27.1,23.4,27.3,23.1,256.6,100.8,15.9,272.5,67.1,52.8,75.5,61.1,27.1,23.4,27.3,23.1,6.4,5.0,7.2,5.8,2.6,2.2,2.6,2.2,64.1,25.2,-1967,-2241.5,-2111.9,-2453,8773.4,6.109,22887.084257819,26081.0367889686,24573.0723152455,28541.9510342806,136.110859195085
90,16,100,12,89024,78610,95663,81665,31220,28747,30004,27651,89.0,78.6,95.7,81.7,31.2,28.7,30.0,27.7,345.0,117.6,24.3,369.3,89.0,78.6,95.7,81.7,31.2,28.7,30.0,27.7,5.9,5.2,6.3,5.4,2.1,1.9,2.0,1.8,86.2,29.4,-2051.8,-2230.8,-2216,-2596.4,9095,5.704,23873.7770616131,25956.5366356597,25784.3308161296,30210.4857991872,141.100173750119
90,16,180,6,25856,20966,25642,20478,9654,8481,8973,8875,25.9,21.0,25.6,20.5,9.7,8.5,9.0,8.9,92.9,36.0,3.3,96.3,25.9,21.0,25.6,20.5,9.7,8.5,9.0,8.9,6.8,5.5,6.8,5.4,2.6,2.2,2.4,2.3,23.2,9.0,-6997.1,-7197.5,-6958.3,-7073.4,28226.3,6.147,146546.919709554,150744.08749475,145734.294409826,148144.94317268,788.226993049081
90,16,180,10,73910,54290,81290,60970,35090,26890,34940,28010,73.9,54.3,81.3,61.0,35.1,26.9,34.9,28.0,270.5,124.9,14.1,284.5,73.9,54.3,81.3,61.0,35.1,26.9,34.9,28.0,7.0,5.2,7.7,5.8,3.3,2.6,3.3,2.7,67.6,31.2,-6417.5,-6997.1,-6299.8,-6439.5,26153.9,6.440,134407.805696083,146546.919709554,131942.702660567,134868.57261861,730.354667579752
90,16,180,12,108992,77137,114723,90352,50000,37207,47597,40189,109.0,77.1,114.7,90.4,50.0,37.2,47.6,40.2,391.2,175.0,22.1,413.3,109.0,77.1,114.7,90.4,50.0,37.2,47.6,40.2,7.2,5.1,7.6,6.0,3.3,2.5,3.1,2.7,97.8,43.7,-6326.6,-6700.3,-6184.2,-6259.6,25470.7,6.468,132504.000548008,140330.755045651,129521.5819222,131100.755829404,711.276124460352
120,8.5,100,6,20397,11760,24789,17086,23794,17412,26632,20594,20.4,11.8,24.8,17.1,23.8,17.4,26.6,20.6,74.0,88.4,0.3,74.4,29.6,18.9,34.8,25.1,10.4,9.2,10.7,9.3,7.8,5.0,9.2,6.6,2.8,2.4,2.8,2.5,27.1,9.9,-2037.3,-2225.7,-2030.7,-2209.6,8503.3,4.896,23705.061900587,25897.1954410919,23628.2674134992,25709.8634347111,131.920517586519
120,8.5,100,10,44409,38124,66832,48384,46188,47720,61983,50462,44.4,38.1,66.8,48.4,46.2,47.7,62.0,50.5,197.7,206.4,-1.4,196.3,61.6,56.9,88.9,67.1,17.8,22.3,20.3,19.5,5.9,5.4,8.5,6.4,1.7,2.1,1.9,1.9,68.6,20.0,-2103.4,-2128.9,-2003.3,-2368.2,8603.8,4.708,24474.1703242992,24770.8762971382,23309.4539368016,27555.2582304865,133.479678384967
120,8.5,100,12,56670,54580,84110,65530,54540,63840,73640,64650,56.7,54.6,84.1,65.5,54.5,63.8,73.6,64.7,260.9,256.7,-2.8,258.1,76.3,79.2,109.7,89.1,18.9,28.0,21.7,23.2,5.0,5.2,7.3,5.9,1.2,1.9,1.4,1.5,88.6,23.0,-2170.3,-2172.9,-2073.1,-2510.3,8926.6,4.314,25252.5871706886,25282.8395443899,24121.6138153963,29208.6668085424,138.487609785356
120,8.5,180,6,16527,10749,16423,13463,22058,17617,17276,18774,16.5,10.7,16.4,13.5,22.1,17.6,17.3,18.8,57.2,75.7,0.2,57.3,25.3,18.1,22.9,21.0,10.8,9.9,6.8,9.5,6.7,4.8,6.0,5.6,2.9,2.6,1.8,2.5,21.8,9.2,-6875.9,-7088.4,-7013.9,-7007.1,27985.3,3.781,144008.512845454,148459.102438039,146898.778086756,146756.359219794,781.497003453391
120,8.5,180,10,46860,33970,66620,47270,56130,49900,71580,57300,46.9,34.0,66.6,47.3,56.1,49.9,71.6,57.3,194.7,234.9,-0.7,194.0,68.6,54.4,93.5,69.6,25.2,26.2,28.7,26.0,6.5,5.2,8.9,6.6,2.4,2.5,2.7,2.5,71.5,26.5,-6374.1,-6523.4,-6206.2,-6333.4,25437.1,4.636,133498.838221645,136625.770109518,129982.348844726,132646.419414971,710.337835454479
120,8.5,180,12,80519,51442,111946,71921,95928,82401,117495,82401,80.5,51.4,111.9,71.9,95.9,82.4,117.5,82.4,315.8,378.2,6.3,322.2,117.7,85.8,155.7,103.5,42.8,45.6,45.8,35.4,7.8,5.7,10.3,6.8,2.8,3.0,3.0,2.3,115.7,42.4,-6283,-6483.2,-5821.7,-6179.3,24767.2,5.222,131590.844283364,135783.823278356,121929.399676025,129418.956562183,691.630698399903
120,16,100,6,20312,11420,22177,16657,25774,16039,24524,20142,20.3,11.4,22.2,16.7,25.8,16.0,24.5,20.1,70.6,86.5,-3.4,67.1,30.5,17.9,31.5,24.5,12.2,8.2,10.1,9.1,8.1,4.7,8.3,6.5,3.2,2.2,2.7,2.4,26.1,9.9,-1997.5,-2230,-2046.2,-2191,8464.7,4.667,23241.9678723912,25947.2282129824,23808.618102872,25493.4426074638,131.321675727612
120,16,100,10,54217,33830,62668,45315,65609,41990,64733,52253,54.2,33.8,62.7,45.3,65.6,42.0,64.7,52.3,196.0,224.6,-10.5,185.5,79.8,50.3,86.6,65.4,29.7,19.4,24.7,22.6,7.6,4.8,8.3,6.2,2.8,1.9,2.4,2.2,70.5,24.1,-1951.5,-2035.3,-2023.4,-1987.7,7997.9,4.667,22706.7335684462,23681.7908438937,23543.3280565688,23127.9396945942,124.079722884671
120,16,100,12,76090,49760,85720,65490,78880,55840,75420,65800,76.1,49.8,85.7,65.5,78.9,55.8,75.4,65.8,277.1,275.9,-13.2,263.9,105.3,71.0,111.9,89.6,30.3,23.5,22.5,24.2,7.0,4.7,7.4,5.9,2.0,1.6,1.5,1.6,94.5,25.1,-1947.2,-2193.1,-2060.7,-2459.3,8660.3,4.581,22656.7007965557,25517.8772169918,23977.3332638981,28615.2548628644,134.356221520413
120,16,180,6,16873,15967,13557,16954,18140,17067,14437,18474,16.9,16.0,13.6,17.0,18.1,17.1,14.4,18.5,63.4,68.1,-18.0,45.3,23.7,22.4,19.0,23.9,7.3,6.8,5.7,7.5,6.3,5.9,5.0,6.3,1.9,1.8,1.5,2.0,22.2,6.8,-6993.3,-7061.9,-7126.4,-6899.5,28081.1,4.190,146467.332695663,147904.087735905,149254.972576949,144502.790089619,784.172244130847
120,16,180,10,55034,29019,58665,46962,69182,42089,65357,57182,55.0,29.0,58.7,47.0,69.2,42.1,65.4,57.2,189.7,233.8,-10.4,179.2,82.3,46.2,83.5,69.3,32.4,21.9,27.3,26.0,7.8,4.4,8.0,6.6,3.1,2.1,2.6,2.5,70.3,26.9,-6166.5,-6593.2,-6242.4,-6282.9,25285,4.516,129150.873989076,138087.657890988,130740.519871793,131588.749888262,706.090402186826
120,16,180,12,86050,47160,93850,69780,107840,64220,102170,82350,86.1,47.2,93.9,69.8,107.8,64.2,102.2,82.4,296.8,356.6,-13.2,283.6,128.4,73.0,132.4,101.6,50.4,32.0,41.6,36.4,8.5,4.8,8.8,6.7,3.3,2.1,2.7,2.4,108.8,40.1,-5922.4,-6430,-6029.2,-6150.6,24532.2,4.908,124038.455544135,134669.605083882,126275.269513491,128817.865167796,685.068260412405
150,8.5,100,6,220,1828,7081,4375,21226,20667,30585,23623,0.2,1.8,7.1,4.4,21.2,20.7,30.6,23.6,13.5,96.1,-16.3,-2.8,18.5,18.8,30.0,22.6,10.4,8.8,9.2,8.0,4.9,5.0,7.9,6.0,2.8,2.3,2.4,2.1,22.5,9.1,-2213.1,-2176,-2053.6,-2148.7,8591.4,0.893,25750.5877839243,25318.9096822644,23894.721012637,25001.2597584014,133.287304316303
150,8.5,100,10,-3233,10690,26453,14944,47313,56612,84370,58482,-3.2,10.7,26.5,14.9,47.3,56.6,84.4,58.5,48.9,246.8,-33.5,15.4,39.4,54.4,86.3,58.1,26.5,19.0,19.3,16.3,3.7,5.2,8.2,5.5,2.5,1.8,1.8,1.6,59.5,20.3,-2332.1,-2072.2,-2010.3,-2151.7,8566.3,1.163,27135.2156571732,24111.1418398843,23390.902635228,25036.1663434413,132.897901967636
150,8.5,100,12,-4053,15414,36791,21450,55196,72312,107684,78381,-4.1,15.4,36.8,21.5,55.2,72.3,107.7,78.4,69.6,313.6,-55.3,14.3,45.8,70.3,111.7,78.6,31.1,22.8,22.0,20.6,3.0,4.7,7.4,5.2,2.1,1.5,1.5,1.4,76.6,24.1,-2636.9,-2121.5,-2082.6,-1933,8774,1.151,30681.7246972257,24684.7733873731,24232.1513346893,22491.4762940336,136.120167617762
150,8.5,180,6,434,1771,4184,2154,21106,17615,22347,17751,0.4,1.8,4.2,2.2,21.1,17.6,22.3,17.8,8.5,78.8,-16.7,-8.2,18.5,16.1,21.4,16.4,10.2,7.3,7.6,7.0,4.9,4.3,5.7,4.4,2.7,1.9,2.0,1.9,18.1,8.0,-7161.6,-7018.4,-6981.4,-6953.6,28115,0.565,149992.199652991,146993.025866364,146218.099678479,145635.857840013,785.118910717129
150,8.5,180,10,-3090,6350,23250,8860,47300,56310,89950,58930,-3.1,6.4,23.3,8.9,47.3,56.3,90.0,58.9,35.4,252.5,-38.0,-2.6,39.4,51.9,89.5,55.5,26.3,22.7,24.8,21.8,3.8,4.9,8.5,5.3,2.5,2.2,2.4,2.1,59.1,23.9,-6791.2,-6413.3,-6156.7,-6351.5,25712.7,0.842,142234.560193727,134319.841101783,128945.623269042,133025.504928504,718.034039324073
150,8.5,180,12,-4922,9370,35896,15826,67386,81169,139232,87278,-4.9,9.4,35.9,15.8,67.4,81.2,139.2,87.3,56.2,375.1,-53.5,2.7,55.9,75.0,138.5,83.5,38.0,32.5,38.5,29.9,3.7,5.0,9.2,5.5,2.5,2.1,2.5,2.0,88.2,34.7,-6666.1,-6365.6,-5877.6,-6482.2,25391.5,0.929,139614.471920633,133320.814637941,123100.166538262,135762.879327332,709.064443232224
150,16,100,6,-7096,1272,5280,4502,35392,20062,28976,31459,-7.1,1.3,5.3,4.5,35.4,20.1,29.0,31.5,4.0,115.9,-11.4,-7.4,27.1,18.0,27.7,29.5,23.8,8.9,9.9,11.8,7.2,4.8,7.3,7.8,6.3,2.4,2.6,3.1,25.6,13.6,-2083.9,-2156.5,-2025.5,-1767.8,8033.7,0.262,24247.2775215399,25092.0168795051,23567.7626660968,20569.2870111705,124.63512543775
150,16,100,10,-5721,5460,19374,12488,34419,54188,80750,65986,-5.7,5.5,19.4,12.5,34.4,54.2,80.7,66.0,31.6,235.3,-40.6,-9.0,26.9,49.7,79.6,63.4,22.2,22.4,23.6,22.2,2.6,4.7,7.6,6.0,2.1,2.1,2.2,2.1,54.9,22.6,-2480.7,-2131.4,-2073.9,-1868.7,8554.7,0.752,28864.2551694822,24799.9651180048,24130.9222380736,21743.3118213454,132.717939129208
150,16,100,12,-5610,15460,32410,23130,46970,77730,104920,88500,-5.6,15.5,32.4,23.1,47.0,77.7,104.9,88.5,65.4,318.1,-56.9,8.4,37.9,75.0,107.1,88.2,28.3,25.5,24.4,24.2,2.5,5.0,7.1,5.8,1.9,1.7,1.6,1.6,77.0,25.6,-2434.9,-2036.4,-2002.1,-2210.8,8684.2,1.081,28331.3479712066,23694.589925075,23295.4913027856,25723.8260687271,134.727007023726
150,16,180,6,1254,1974,3811,1872,32076,19481,20063,18949,1.3,2.0,3.8,1.9,32.1,19.5,20.1,18.9,8.9,90.6,-20.7,-11.8,28.4,17.9,19.3,17.3,15.0,8.0,6.7,7.9,7.5,4.7,5.1,4.6,4.0,2.1,1.8,2.1,20.7,9.4,-6892.1,-6977.7,-7154.2,-6925.4,27949.4,0.589,144347.804852041,146140.60705969,149837.214415414,145045.238421138,780.494486331045
150,16,180,10,-8710,-15870,19640,14190,52820,81750,87900,71040,-8.7,-15.9,19.6,14.2,52.8,81.8,87.9,71.0,9.3,293.5,-52.2,-43.0,41.4,62.9,85.9,68.6,34.0,54.6,26.9,23.2,3.9,6.0,8.2,6.5,3.2,5.2,2.6,2.2,64.7,34.7,-6697.4,-6517.8,-6136.4,-6382.3,25733.9,0.220,140270.017587682,136508.483983784,128520.461063256,133670.578620041,718.62605500635
150,16,180,12,-10867,6347,29727,14712,77017,83246,131426,94925,-10.9,6.3,29.7,14.7,77.0,83.2,131.4,94.9,39.9,386.6,-59.8,-19.9,61.3,75.3,128.7,89.6,47.9,36.1,40.0,34.7,4.1,5.0,8.5,5.9,3.2,2.4,2.6,2.3,88.7,39.7,-6843.7,-6349.3,-5989.6,-5976.2,25158.8,0.660,143334.117622483,132979.428236251,125445.889052943,125165.240109222,702.566233361199
180,8.5,100,6,-13527,-13636,-7226,-11219,-17918,-20411,-20405,-27133,-13.5,-13.6,-7.2,-11.2,-17.9,-20.4,-20.4,-27.1,-45.6,-85.9,-19.0,-64.6,17.9,20.4,20.4,27.1,13.5,13.6,7.2,11.2,4.7,5.4,5.4,7.2,3.6,3.6,1.9,3.0,21.5,11.4,2181,2071.5,2160.1,2162.1,8574.7,-3.016,-25377.0873239976,-24102.9969700417,-25133.904781553,-25157.1758382463,133.028219885118
180,8.5,100,10,-35987,-33267,-17239,-25536,-52186,-54867,-65820,-73680,-36.0,-33.3,-17.2,-25.5,-52.2,-54.9,-65.8,-73.7,-112.0,-246.6,-53.7,-165.7,52.2,54.9,65.8,73.7,36.0,33.3,17.2,25.5,5.0,5.2,6.3,7.0,3.4,3.2,1.6,2.4,61.6,28.0,2187.8,2106.9,2152.3,2163.1,8610.1,-2.667,-25456.2089167546,-24514.8946735124,-25043.1476604493,-25168.8113665929,133.577416823079
180,8.5,100,12,-42898,-42860,-21357,-32401,-74667,-76161,-86044,-97000,-42.9,-42.9,-21.4,-32.4,-74.7,-76.2,-86.0,-97.0,-139.5,-333.9,-81.0,-220.5,74.7,76.2,86.0,97.0,42.9,42.9,21.4,32.4,4.9,5.0,5.7,6.4,2.8,2.8,1.4,2.1,83.5,34.9,2242.9,2216,2125.2,1639.3,8223.4,-2.307,-26097.3265286539,-25784.3308161296,-24727.8248422557,-19074.1216186287,127.578138407557
180,8.5,180,6,-6511,-7975,-7990,-8702,-16481,-16558,-16783,-18006,-6.5,-8.0,-8.0,-8.7,-16.5,-16.6,-16.8,-18.0,-31.2,-67.8,-26.7,-57.9,16.5,16.6,16.8,18.0,6.5,8.0,8.0,8.7,4.4,4.4,4.4,4.8,1.7,2.1,2.1,2.3,17.0,7.8,7251.7,7156.1,7265.9,7216,28889.7,-2.062,-151879.249640247,-149877.007922359,-152176.653744787,-151131.550588693,806.752615861449
180,8.5,180,10,-37480,-40540,-21540,-29490,-49640,-61930,-56400,-76510,-37.5,-40.5,-21.5,-29.5,-49.6,-61.9,-56.4,-76.5,-129.1,-244.5,-58.1,-187.1,49.6,61.9,56.4,76.5,37.5,40.5,21.5,29.5,4.7,5.9,5.4,7.3,3.6,3.9,2.1,2.8,61.1,32.3,6560.9,6351.3,6515.9,6165.4,25593.5,-3.073,-137411.168272915,-133021.316138299,-136468.690476838,-129127.83564295,714.70534737467
180,8.5,180,12,-54912,-55398,-33356,-45019,-74917,-85382,-89848,-115344,-54.9,-55.4,-33.4,-45.0,-74.9,-85.4,-89.8,-115.3,-188.7,-365.5,-81.6,-270.3,74.9,85.4,89.8,115.3,54.9,55.4,33.4,45.0,5.0,5.6,5.9,7.6,3.6,3.7,2.2,3.0,91.4,47.2,6568.7,6392.1,6295,5940.4,25196.2,-3.120,-137574.531090902,-133875.829340075,-131842.171695652,-124415.446662565,703.610638385592
180,16,100,6,-7963,-8134,-8142,-9912,-20909,-20079,-20594,-23989,-8.0,-8.1,-8.1,-9.9,-20.9,-20.1,-20.6,-24.0,-34.2,-85.6,-17.8,-51.9,20.9,20.1,20.6,24.0,8.0,8.1,8.1,9.9,5.5,5.3,5.4,6.3,2.1,2.2,2.2,2.6,21.4,8.5,2261.5,2162.6,2221.4,2047.9,8693.4,-2.259,-26313.7473559012,-25162.9936024196,-25847.1626692014,-23828.3985010613,134.869736171445
180,16,100,10,-35800,-27910,-18870,-25880,-52590,-49490,-66150,-73100,-35.8,-27.9,-18.9,-25.9,-52.6,-49.5,-66.2,-73.1,-108.5,-241.3,-40.9,-149.4,52.6,49.5,66.2,73.1,35.8,27.9,18.9,25.9,5.0,4.7,6.3,7.0,3.4,2.7,1.8,2.5,60.3,27.1,2235.4,2175.4,2070,1703.8,8184.6,-2.582,-26010.0600660542,-25311.9283652564,-24085.5436775218,-19824.6131969863,126.976193741091
180,16,100,12,-43375,-39485,-22059,-30016,-67065,-70712,-90437,-95499,-43.4,-39.5,-22.1,-30.0,-67.1,-70.7,-90.4,-95.5,-134.9,-323.7,-65.1,-200.1,67.1,70.7,90.4,95.5,43.4,39.5,22.1,30.0,4.4,4.7,6.0,6.3,2.9,2.6,1.5,2.0,80.9,33.7,2344.9,2206,2108.4,1637.2,8296.5,-2.231,-27284.15042001,-25667.9755326633,-24532.3479660323,-19049.6870091008,128.712214570409
180,16,180,6,-7180,-7384,-8102,-8473,-17216,-16811,-17128,-17646,-7.2,-7.4,-8.1,-8.5,-17.2,-16.8,-17.1,-17.6,-31.1,-68.8,-21.6,-52.7,17.2,16.8,17.1,17.6,7.2,7.4,8.1,8.5,4.6,4.4,4.5,4.7,1.9,2.0,2.1,2.2,17.2,7.8,7256.1,7191.1,7224.4,7241.3,28912.9,-2.059,-151971.403024753,-150610.046208197,-151307.479777294,-151661.432549598,807.40048207979
180,16,180,10,-37340,-38990,-21130,-29230,-47760,-57220,-55720,-75250,-37.3,-39.0,-21.1,-29.2,-47.8,-57.2,-55.7,-75.3,-126.7,-236.0,-47.3,-174.0,47.8,57.2,55.7,75.3,37.3,39.0,21.1,29.2,4.5,5.4,5.3,7.2,3.6,3.7,2.0,2.8,59.0,31.7,6738.1,6598.7,6500.8,6361.1,26198.7,-3.016,-141122.436394356,-138202.84962162,-136152.436816377,-133226.566858334,731.605719587581
180,16,180,12,-60152,-48527,-34060,-45427,-71279,-71922,-86490,-112290,-60.2,-48.5,-34.1,-45.4,-71.3,-71.9,-86.5,-112.3,-188.2,-342.0,-70.1,-258.3,71.3,71.9,86.5,112.3,60.2,48.5,34.1,45.4,4.7,4.8,5.7,7.4,4.0,3.2,2.3,3.0,85.5,47.0,6621.9,6420.5,6323.8,6254.2,25620.4,-3.111,-138688.749285375,-134470.637549155,-132445.357485141,-130987.658493875,715.456537084728
210,8.5,100,6,5453,2820,6160,2956,-25321,-22833,-25365,-25208,5.5,2.8,6.2,3.0,-25.3,-22.8,-25.4,-25.2,17.4,-98.7,-22.8,-5.4,24.7,21.2,25.0,23.3,7.9,9.0,7.3,10.0,6.5,5.6,6.6,6.2,2.1,2.4,1.9,2.7,23.5,8.6,2147.2,2149.2,2152.4,2070,8518.8,1.150,-24983.8064658815,-25007.0775225748,-25044.311213284,-24085.5436775218,132.160985172349
210,8.5,100,10,11320,2960,23330,3330,-57050,-54870,-70670,-56120,11.3,3.0,23.3,3.3,-57.1,-54.9,-70.7,-56.1,40.9,-238.7,-31.5,9.5,55.1,49.0,72.9,50.3,18.7,24.9,15.1,25.2,5.2,4.7,6.9,4.8,1.8,2.4,1.4,2.4,56.8,21.0,2279.2,2335.2,2127.1,2166.5,8908,0.975,-26519.6962076365,-27171.2857950477,-24749.9323461143,-25208.3721629714,138.19904868236
210,8.5,100,12,17310,6950,33890,8060,-76320,-74130,-93460,-75210,17.3,7.0,33.9,8.1,-76.3,-74.1,-93.5,-75.2,66.2,-319.1,-49.9,16.3,74.8,67.7,97.9,69.2,23.2,31.0,17.4,30.6,4.9,4.5,6.5,4.6,1.5,2.1,1.1,2.0,77.4,25.6,2377.2,2413.9,2195.1,2184.2,9170.4,1.095,-27659.9779856061,-28087.0018759274,-25541.148273685,-25414.3210147068,142.2699321999
210,8.5,180,6,6366,4201,4159,4076,-22682,-18400,-18838,-19642,6.4,4.2,4.2,4.1,-22.7,-18.4,-18.8,-19.6,18.8,-79.6,-21.8,-3.0,22.8,18.0,18.4,19.0,5.8,5.6,5.8,6.3,6.0,4.8,4.9,5.0,1.5,1.5,1.5,1.7,19.6,5.9,6936.7,7082.8,7123.3,7084.8,28227.6,1.244,-145281.905067709,-148341.816312305,-149190.046328775,-148383.704214353,788.263295897522
210,8.5,180,10,11310,-3310,16060,2080,-64880,-62790,-70590,-62460,11.3,-3.3,16.1,2.1,-64.9,-62.8,-70.6,-62.5,26.1,-260.7,-26.7,-0.5,61.8,52.7,69.2,55.1,22.6,34.3,21.4,29.4,5.9,5.0,6.6,5.3,2.2,3.3,2.0,2.8,59.7,26.9,6210.4,6686.6,6306.5,6766.9,25970.4,0.622,-130070.313439027,-140043.822916623,-132083.027132427,-141725.622183845,725.230380895897
210,8.5,180,12,13950,-12990,22190,9460,-92710,-77180,-101580,-93130,14.0,-13.0,22.2,9.5,-92.7,-77.2,-101.6,-93.1,32.6,-364.6,-58.1,-25.4,87.3,60.3,99.1,85.4,34.3,49.8,31.6,38.4,5.8,4.0,6.6,5.6,2.3,3.3,2.1,2.5,83.0,38.5,6012.9,6873.5,6191.4,6740.5,25818.3,0.539,-125933.8831118,-143958.247362996,-129672.378369572,-141172.701876813,720.982947628243
210,16,100,6,4484,2439,5167,1735,-25060,-24602,-26225,-26666,4.5,2.4,5.2,1.7,-25.1,-24.6,-26.2,-26.7,13.8,-102.6,-21.0,-7.2,23.9,22.5,25.3,24.0,8.6,10.2,8.6,11.8,6.3,6.0,6.7,6.3,2.3,2.7,2.3,3.1,23.9,9.8,2044.9,2101.4,2068.4,2146.9,8361.6,0.914,-23793.4919160214,-24450.8992676059,-24066.9268321671,-24980.3158073775,129.722178430896
210,16,100,10,11503,-975,21507,2116,-60954,-63652,-71853,-57379,11.5,-1.0,21.5,2.1,-61.0,-63.7,-71.9,-57.4,34.2,-253.8,-45.2,-11.1,58.5,54.6,73.0,50.7,20.5,32.7,17.3,26.9,5.6,5.2,7.0,4.8,2.0,3.1,1.6,2.6,59.2,24.3,2183.9,2241.7,2122.2,2143.2,8691,0.813,-25410.8303562028,-26083.3638946379,-24692.9182572158,-24937.264352495,134.832502480735
210,16,100,12,18280,5540,31160,5790,-80120,-82860,-93720,-77080,18.3,5.5,31.2,5.8,-80.1,-82.9,-93.7,-77.1,60.8,-333.8,-62.2,-1.4,78.5,74.5,96.7,69.6,24.2,36.6,19.9,33.5,5.2,4.9,6.4,4.6,1.6,2.4,1.3,2.2,79.9,28.6,2266.5,2268.3,2187,2130,8851.8,1.005,-26371.9249976343,-26392.8689486583,-25446.9004940773,-24783.6753783195,137.327159758253
210,16,180,6,3340,894,3518,1236,-20403,-18862,-24331,-18591,3.3,0.9,3.5,1.2,-20.4,-18.9,-24.3,-18.6,9.0,-82.2,-26.3,-17.3,19.3,16.8,22.8,16.7,7.3,8.7,9.1,8.2,5.1,4.4,6.0,4.4,1.9,2.3,2.4,2.2,18.9,8.3,6974,7097.4,6988,7006.5,28065.9,0.594,-146063.114440901,-148647.597997255,-146356.329755236,-146743.792849179,783.747780056762
210,16,180,10,9180,-6610,16760,-800,-66080,-55330,-75650,-57790,9.2,-6.6,16.8,-0.8,-66.1,-55.3,-75.7,-57.8,18.5,-254.9,-46.1,-27.5,61.8,44.6,73.9,49.6,25.1,33.4,23.3,29.6,5.9,4.2,7.0,4.7,2.4,3.2,2.2,2.8,57.5,27.8,6193.3,6716.5,6186.4,6796.1,25892.3,0.441,-129712.171876518,-140670.047052239,-129567.658614453,-142337.185553744,723.049417462604
210,16,180,12,13440,-13840,25380,-1110,-98390,-71880,-108880,-88090,13.4,-13.8,25.4,-1.1,-98.4,-71.9,-108.9,-88.1,23.9,-367.2,-70.5,-46.6,91.9,55.3,107.0,75.7,37.6,47.9,32.5,45.0,6.1,3.7,7.1,5.0,2.5,3.2,2.1,3.0,82.5,40.7,5994.8,6888.8,6007.9,6800.7,25692.2,0.395,-125554.797598267,-144278.689813662,-125829.163356681,-142433.527728454,717.461571329419
240,8.5,100,6,16638,13996,18845,11208,-23625,-22554,-24437,-22554,16.6,14.0,18.8,11.2,-23.6,-22.6,-24.4,-22.6,60.7,-93.2,-1.7,59.0,26.2,23.4,28.5,21.0,12.1,12.5,11.7,13.9,6.9,6.2,7.5,5.6,3.2,3.3,3.1,3.7,24.8,12.6,2125.6,2032.9,2135.1,2050.8,8344.4,4.014,-24732.4790535943,-23653.8655758618,-24843.0165728873,-23862.1415332665,129.455336980813
240,8.5,100,10,38950,31330,54670,46120,-45360,-44560,-53720,-58710,39.0,31.3,54.7,46.1,-45.4,-44.6,-53.7,-58.7,171.1,-202.4,-4.8,166.3,56.4,49.4,74.2,69.3,19.8,22.9,19.2,27.8,5.4,4.7,7.1,6.6,1.9,2.2,1.8,2.6,62.3,22.4,2302.9,2197.9,2203.1,1997.6,8701.5,4.073,-26795.4582294516,-25573.7277530556,-25634.232500458,-23243.1314252258,134.995399877588
240,8.5,100,12,52540,45360,70050,70220,-58610,-55690,-64870,-76440,52.5,45.4,70.1,70.2,-58.6,-55.7,-64.9,-76.4,238.2,-255.6,-6.1,232.1,74.8,67.1,93.1,99.0,24.5,25.5,21.2,31.1,4.9,4.4,6.2,6.5,1.6,1.7,1.4,2.1,83.5,25.6,2370,2376.4,2325.2,2033.5,9105.1,3.938,-27576.2021815104,-27650.6695629288,-27054.9305115814,-23660.8468928698,141.256865531854
240,8.5,180,6,13209,11101,15767,10437,-17991,-16148,-19197,-14760,13.2,11.1,15.8,10.4,-18.0,-16.1,-19.2,-14.8,50.5,-68.1,-3.1,47.4,20.4,17.7,23.3,16.4,9.0,8.4,8.7,7.6,5.4,4.7,6.2,4.3,2.4,2.2,2.3,2.0,19.4,8.4,6872,7033.9,6847,7197.1,27950,3.341,-143926.83143646,-147317.657107235,-143403.232660862,-150735.709914341,780.511241491864
240,8.5,180,10,38489,29332,50827,34942,-51696,-45759,-61187,-60248,38.5,29.3,50.8,34.9,-51.7,-45.8,-61.2,-60.2,153.6,-218.9,-9.4,144.2,59.2,48.3,74.6,60.4,25.5,25.0,27.6,34.7,5.6,4.6,7.1,5.8,2.4,2.4,2.6,3.3,60.6,28.2,6211,6364.4,6158.2,6426.5,25160.1,3.657,-130082.879809641,-133295.681896713,-128977.039195578,-134596.301255299,702.60253620964
240,8.5,180,12,52033,41902,77066,65264,-69612,-65175,-84671,-99818,52.0,41.9,77.1,65.3,-69.6,-65.2,-84.7,-99.8,236.3,-319.3,-12.2,224.1,79.9,68.9,109.1,106.4,34.3,35.5,34.8,53.8,5.3,4.6,7.2,7.0,2.3,2.3,2.3,3.6,91.1,39.6,6554,6391.6,6304.4,5439.2,24689.2,3.906,-137266.65501085,-133865.357364563,-132039.044835277,-113918.338409371,689.452527493414
240,16,100,6,15021,19021,23709,21130,-20804,-20885,-20751,-20916,15.0,19.0,23.7,21.1,-20.8,-20.9,-20.8,-20.9,78.9,-83.4,-16.6,62.3,23.4,26.9,30.9,28.8,10.5,8.6,6.1,7.5,6.2,7.1,8.2,7.6,2.8,2.3,1.6,2.0,27.5,8.2,2123.4,2040.1,2087,2063.9,8314.4,5.217,-24706.8808912317,-23737.6413799575,-24283.3476594144,-24014.5669546073,128.989915846948
240,16,100,10,43600,35260,55210,40080,-46770,-52850,-54580,-59350,43.6,35.3,55.2,40.1,-46.8,-52.9,-54.6,-59.4,174.2,-213.6,-14.5,159.7,61.1,57.0,75.1,64.4,18.7,28.1,19.7,31.4,5.8,5.4,7.2,6.1,1.8,2.7,1.9,3.0,64.4,24.5,2278.4,2158.8,2144.6,2006.2,8588,4.146,-26510.3877849592,-25118.7785947024,-24953.5540921803,-23343.1969690068,133.234556587798
240,16,100,12,62660,56640,74200,61060,-64490,-74180,-68660,-75630,62.7,56.6,74.2,61.1,-64.5,-74.2,-68.7,-75.6,254.6,-283.0,-17.0,237.6,86.5,86.1,98.6,90.7,24.5,35.9,22.4,35.0,5.7,5.7,6.5,6.0,1.6,2.4,1.5,2.3,90.5,29.4,2291.9,2219.1,2242.7,2017.5,8771.2,4.209,-26667.4674176387,-25820.4009540041,-26094.9994229845,-23474.6784393237,136.076728311935
240,16,180,6,13165,9550,14945,8430,-17404,-14670,-17990,-13225,13.2,9.5,14.9,8.4,-17.4,-14.7,-18.0,-13.2,46.1,-63.3,-6.3,39.8,20.1,15.6,21.9,13.9,8.5,7.9,8.1,7.2,5.3,4.1,5.8,3.7,2.2,2.1,2.1,1.9,17.9,7.9,7049.2,7085.8,6928.3,7097.8,28161.1,3.048,-147638.099557901,-148404.648165377,-145105.975879108,-148655.975577664,786.4062655734
240,16,180,10,41361,35281,51923,25591,-55462,-56404,-60802,-57066,41.4,35.3,51.9,25.6,-55.5,-56.4,-60.8,-57.1,154.2,-229.7,-22.2,131.9,63.6,58.8,75.4,50.7,27.4,31.2,26.7,36.6,6.1,5.6,7.2,4.8,2.6,3.0,2.5,3.5,62.1,30.5,6547.4,6204.1,6273.3,6207,25231.8,3.670,-137128.424934092,-129938.366547576,-131387.687958432,-129999.104005546,704.604777927528
240,16,180,12,61160,47650,80620,48470,-76870,-88950,-88320,-93040,61.2,47.7,80.6,48.5,-76.9,-89.0,-88.3,-93.0,237.9,-347.2,-21.6,216.3,91.4,85.7,114.0,88.5,36.0,53.2,36.2,56.3,6.0,5.7,7.5,5.9,2.4,3.5,2.4,3.7,94.9,45.4,6026.9,5980.1,5889.8,6295.8,24192.6,3.934,-126227.098426136,-125246.921518215,-123355.682740754,-131858.926856471,675.584839388768
270,8.5,100,6,24284,24869,23259,27523,-12254,-15969,-11958,-16126,24.3,24.9,23.3,27.5,-12.3,-16.0,-12.0,-16.1,99.9,-56.3,11.8,111.7,24.3,24.9,23.3,27.5,12.3,16.0,12.0,16.1,6.4,6.6,6.2,7.3,3.2,4.2,3.2,4.3,25.0,14.1,2260,2160.7,2168.5,2124.2,8713.4,6.609,-26296.2940633812,-25140.886098561,-25231.6432196647,-24716.189313909,135.180016927355
270,8.5,100,10,53090,58520,65320,68120,-25040,-31010,-22630,-28760,53.1,58.5,65.3,68.1,-25.0,-31.0,-22.6,-28.8,245.1,-107.4,32.0,277.1,53.1,58.5,65.3,68.1,25.0,31.0,22.6,28.8,5.1,5.6,6.2,6.5,2.4,3.0,2.2,2.7,61.3,26.9,2375.7,2401.5,2168.3,2194.6,9140.1,5.835,-27642.5246930862,-27942.7213244292,-25229.3161139954,-25535.3305095117,141.799856854697
270,8.5,100,12,80448,82912,86726,83021,-33615,-38075,-26896,-30262,80.4,82.9,86.7,83.0,-33.6,-38.1,-26.9,-30.3,333.1,-128.8,39.3,372.4,80.4,82.9,86.7,83.0,33.6,38.1,26.9,30.3,5.3,5.5,5.7,5.5,2.2,2.5,1.8,2.0,83.3,32.2,2376.8,2410.7,2250.4,2296.8,9334.7,5.508,-27655.3237742675,-28049.7681852182,-26184.5929912536,-26724.4815065372,144.818888609702
270,8.5,180,6,23587,25673,23413,27133,-14020,-12739,-13915,-12046,23.6,25.7,23.4,27.1,-14.0,-12.7,-13.9,-12.0,99.8,-52.7,2.0,101.9,23.6,25.7,23.4,27.1,14.0,12.7,13.9,12.0,6.2,6.8,6.2,7.2,3.7,3.4,3.7,3.2,25.0,13.2,7019.3,6837.9,7095.7,6777.2,27730.1,6.601,-147011.875422286,-143212.642706544,-148611.993280514,-141941.344879392,774.370475051647
270,8.5,180,10,56188,61503,64936,69718,-30445,-40383,-28314,-35520,56.2,61.5,64.9,69.7,-30.4,-40.4,-28.3,-35.5,252.3,-134.7,26.6,278.9,56.2,61.5,64.9,69.7,30.4,40.4,28.3,35.5,5.4,5.9,6.2,6.6,2.9,3.8,2.7,3.4,63.1,33.7,6739.9,6504,6466.7,6150.6,25861.2,6.008,-141160.135506199,-136219.457459653,-135438.248086461,-128817.865167796,722.180941626812
270,8.5,180,12,80740,93100,92250,103510,-41210,-54130,-38210,-52950,80.7,93.1,92.3,103.5,-41.2,-54.1,-38.2,-53.0,369.6,-186.5,39.4,409.0,80.7,93.1,92.3,103.5,41.2,54.1,38.2,53.0,5.3,6.2,6.1,6.8,2.7,3.6,2.5,3.5,92.4,46.6,6356.5,6273.9,6258.2,6701.4,25590,6.111,-133130.224683623,-131400.254329047,-131071.434297971,-140353.793391778,714.607608936558
270,16,100,6,24028,29096,28633,31433,-11883,-13307,-12063,-15722,24.0,29.1,28.6,31.4,-11.9,-13.3,-12.1,-15.7,113.2,-53.0,6.1,119.3,24.0,29.1,28.6,31.4,11.9,13.3,12.1,15.7,6.4,7.7,7.6,8.3,3.1,3.5,3.2,4.2,28.3,13.2,2200.4,2132.6,2122.2,2050.5,8505.7,7.486,-25602.8165739222,-24813.9277520207,-24692.9182572158,-23858.6508747625,131.957751277228
270,16,100,10,62226,82220,71307,85504,-26294,-31580,-24719,-34727,62.2,82.2,71.3,85.5,-26.3,-31.6,-24.7,-34.7,301.3,-117.3,21.4,322.7,62.2,82.2,71.3,85.5,26.3,31.6,24.7,34.7,5.9,7.8,6.8,8.1,2.5,3.0,2.4,3.3,75.3,29.3,2242.7,2242.8,2118,2122.4,8725.9,7.173,-26094.9994229845,-26096.1629758192,-24644.0490381599,-24695.2453628851,135.373942399798
270,16,100,12,85720,104660,87300,104580,-32230,-37370,-28710,-37970,85.7,104.7,87.3,104.6,-32.2,-37.4,-28.7,-38.0,382.3,-136.3,28.5,410.8,85.7,104.7,87.3,104.6,32.2,37.4,28.7,38.0,5.7,6.9,5.8,6.9,2.1,2.5,1.9,2.5,95.6,34.1,2292.9,2394.5,2229.9,2266.6,9183.9,6.320,-26679.1029459853,-27861.2726260028,-25946.0646601477,-26373.088550469,142.47937171014
270,16,180,6,24556,26789,24232,26895,-11468,-10371,-9560,-10385,24.6,26.8,24.2,26.9,-11.5,-10.4,-9.6,-10.4,102.5,-41.8,0.1,102.6,24.6,26.8,24.2,26.9,11.5,10.4,9.6,10.4,6.5,7.1,6.4,7.1,3.0,2.7,2.5,2.7,25.6,10.4,6994,6936,7074.6,7055.1,28059.7,6.777,-146481.99346138,-145267.244301992,-148170.075913909,-147761.668868942,783.574643394965
270,16,180,10,62210,76745,79103,80089,-30844,-36110,-35310,-39944,62.2,76.7,79.1,80.1,-30.8,-36.1,-35.3,-39.9,298.1,-142.2,9.1,307.2,62.2,76.7,79.1,80.1,30.8,36.1,35.3,39.9,5.9,7.3,7.5,7.6,2.9,3.4,3.4,3.8,74.5,35.6,6742.7,6434.7,6396.9,5915.8,25490.1,7.099,-141218.778569066,-134768.041653695,-133976.36030499,-123900.225467377,711.81787466017
270,16,180,12,92110,127780,105070,136180,-43390,-58390,-43380,-65530,92.1,127.8,105.1,136.2,-43.4,-58.4,-43.4,-65.5,461.1,-210.7,31.5,492.7,92.1,127.8,105.1,136.2,43.4,58.4,43.4,65.5,6.1,8.5,6.9,9.0,2.9,3.9,2.9,4.3,115.3,52.7,6145.4,5952.2,6059.4,6483.5,24640.5,7.625,-128708.956622471,-124662.585284648,-126907.776834413,-135790.106463663,688.09256694026
300,8.5,100,6,28386,23894,30329,27879,-21,-1733,2038,-1771,28.4,23.9,30.3,27.9,0.0,-1.7,2.0,-1.8,110.5,-1.5,13.2,123.7,24.6,19.8,27.3,23.3,14.2,13.4,13.4,15.5,6.5,5.2,7.2,6.2,3.8,3.6,3.5,4.1,23.7,14.1,2155.7,2190.6,2089.9,2024.7,8460.9,7.307,-25082.7084568278,-25488.7883961252,-24317.0906916197,-23558.4542434195,131.26272238399
300,8.5,100,10,77530,61610,74510,68480,4080,550,9910,-440,77.5,61.6,74.5,68.5,4.1,0.6,9.9,-0.4,282.1,14.1,36.1,318.3,69.2,53.6,69.5,59.1,35.2,30.3,28.7,34.6,6.6,5.1,6.6,5.6,3.4,2.9,2.7,3.3,62.8,32.2,2243.6,2225.2,2156.8,2011.5,8637.1,6.717,-26105.4713984965,-25891.3776769185,-25095.5075380091,-23404.865269244,133.996295843558
300,8.5,100,12,94700,85040,78810,80160,7530,3080,12810,1080,94.7,85.0,78.8,80.2,7.5,3.1,12.8,1.1,338.7,24.5,48.2,386.9,85.8,75.2,74.7,70.0,40.8,39.9,28.3,39.1,5.7,5.0,4.9,4.6,2.7,2.6,1.9,2.6,76.4,37.0,2137.9,2372.6,2181.7,2385.1,9077.3,5.600,-24875.5960522579,-27606.4545552116,-25385.2321938402,-27751.8986595445,140.825575281139
300,8.5,180,6,25337,26271,24179,24340,-909,-943,-862,337,25.3,26.3,24.2,24.3,-0.9,-0.9,-0.9,0.3,100.1,-2.4,20.6,120.8,21.5,22.3,20.5,21.2,13.5,14.0,12.8,11.9,5.7,5.9,5.4,5.6,3.6,3.7,3.4,3.1,21.4,13.0,6955.4,6849.4,7052.2,6990.2,27847.2,6.622,-145673.556951856,-143453.49814332,-147700.931410973,-146402.406447489,777.640523938184
300,8.5,180,10,79170,64490,62260,80710,-1890,-5240,2390,-8550,79.2,64.5,62.3,80.7,-1.9,-5.2,2.4,-8.6,286.6,-13.3,36.6,323.2,67.6,53.2,55.1,65.6,41.2,36.8,29.1,47.8,6.4,5.1,5.2,6.2,3.9,3.5,2.8,4.5,60.4,38.7,6334.5,6483.5,6593.4,6540.2,25951.6,6.825,-132669.457761097,-135790.106463663,-138091.846681193,-136977.62848672,724.705385856897
300,8.5,180,12,113346,102423,77253,100653,233,-8114,4489,-10135,113.3,102.4,77.3,100.7,0.2,-8.1,4.5,-10.1,393.7,-13.5,53.9,447.6,98.3,84.6,69.1,82.1,56.5,58.2,34.7,59.1,6.5,5.6,4.6,5.4,3.7,3.9,2.3,3.9,83.5,52.1,6146.8,6320.2,6562.4,6739.7,25769.1,6.509,-128738.278153905,-132369.959261455,-137442.584199451,-141155.946715994,719.609024441073
300,16,100,6,32374,22100,35174,30800,1980,-887,3375,-595,32.4,22.1,35.2,30.8,2.0,-0.9,3.4,-0.6,120.4,3.9,10.8,131.3,29.0,18.7,32.1,26.4,14.5,11.8,14.7,15.9,7.7,4.9,8.5,7.0,3.8,3.1,3.9,4.2,26.6,14.2,2140.2,2161.9,2043.2,2016.8,8362.1,7.966,-24902.3577674551,-25154.8487325769,-23773.7115178321,-23466.5335694811,129.729935449794
300,16,100,10,81886,50528,81127,71619,10446,1743,13381,2921,81.9,50.5,81.1,71.6,10.4,1.7,13.4,2.9,285.2,28.5,22.2,307.4,76.1,44.6,76.9,63.5,31.9,23.8,29.0,33.3,7.3,4.3,7.3,6.0,3.0,2.3,2.8,3.2,65.3,29.5,2013.6,2265.3,2008,2300.9,8587.8,6.790,-23429.2998787719,-26357.9623636184,-23364.1409200308,-26772.1871727584,133.231453780239
300,16,100,12,104730,70560,104680,92620,16940,4580,21310,6730,104.7,70.6,104.7,92.6,16.9,4.6,21.3,6.7,372.6,49.6,32.5,405.0,99.2,63.4,101.3,83.6,37.7,31.3,33.9,40.5,6.6,4.2,6.7,5.5,2.5,2.1,2.2,2.7,86.9,35.8,2087.2,2355.6,2053.5,2372.5,8868.8,6.161,-24285.6747650838,-27408.6505733189,-23893.5574598024,-27605.291002377,137.590898400776
300,16,180,6,23568,26789,23211,24551,-1440,-66,252,211,23.6,26.8,23.2,24.6,-1.4,-0.1,0.3,0.2,98.1,-1.0,18.1,116.2,19.7,23.2,20.2,21.4,13.0,13.5,11.4,12.1,5.2,6.1,5.4,5.7,3.4,3.6,3.0,3.2,21.1,12.5,7021,6844,7221.4,6992.9,28079.3,6.489,-147047.480139026,-143340.40080779,-151244.647924222,-146458.955115254,784.12197864839
300,16,180,10,85426,53312,89743,86254,5580,-2655,7751,2028,85.4,53.3,89.7,86.3,5.6,-2.7,7.8,2.0,314.7,12.7,27.1,341.8,76.8,44.8,81.6,75.7,37.9,29.0,38.2,41.4,7.3,4.3,7.8,7.2,3.6,2.8,3.6,3.9,69.7,36.6,6196.9,6583.6,6175.8,6499.1,25455.4,7.494,-129787.570100204,-137886.595961158,-129345.652733599,-136116.832099636,710.848867859463
300,16,180,12,134190,79000,123490,122710,12940,-2270,13090,-2830,134.2,79.0,123.5,122.7,12.9,-2.3,13.1,-2.8,459.4,20.9,35.0,494.4,122.7,67.3,113.5,104.9,55.9,41.5,50.4,63.8,8.1,4.4,7.5,6.9,3.7,2.7,3.3,4.2,102.1,52.9,5870.9,6534.8,6043.3,6747.3,25196.3,7.596,-122959.842066402,-136864.531151191,-126570.579222928,-141315.120743776,703.613430912396
330,8.5,100,6,25236,27318,27309,21597,12488,13573,14414,11934,25.2,27.3,27.3,21.6,12.5,13.6,14.4,11.9,101.5,52.4,20.7,122.2,23.4,25.4,26.1,21.1,15.6,16.9,16.4,12.7,6.2,6.7,6.9,5.6,4.1,4.5,4.4,3.4,24.0,15.4,2150.2,2056.3,2017.5,2181.5,8405.5,6.710,-25018.7130509214,-23926.1369391729,-23474.6784393237,-25382.9050881709,130.403244690119
330,8.5,100,10,69180,40000,70770,62370,51460,24020,52690,28140,69.2,40.0,70.8,62.4,51.5,24.0,52.7,28.1,242.3,156.3,51.1,293.4,79.2,40.8,81.0,55.6,34.2,22.6,34.9,39.9,7.5,3.9,7.7,5.3,3.3,2.2,3.3,3.8,64.1,32.9,1901,2108.7,1992.8,2359.2,8361.7,5.770,-22119.1393869415,-24535.8386245363,-23187.280889162,-27450.5384753668,129.723729834675
330,8.5,100,12,87630,51800,90020,85910,69670,33470,70820,44040,87.6,51.8,90.0,85.9,69.7,33.5,70.8,44.0,315.4,218.0,72.7,388.1,104.2,54.9,106.3,81.1,41.1,28.1,42.5,52.4,6.9,3.6,7.0,5.4,2.7,1.9,2.8,3.5,86.6,41.0,1872.2,2219.8,1991.5,2469.2,8552.7,5.214,-21784.0361705586,-25828.5458238468,-23172.1547023114,-28730.446593496,132.686911053617
330,8.5,180,6,22586,17036,21270,22046,9977,10295,12466,7273,22.6,17.0,21.3,22.0,10.0,10.3,12.5,7.3,82.9,40.0,23.7,106.7,19.9,17.4,21.4,17.3,14.6,9.6,12.2,15.5,5.3,4.6,5.7,4.6,3.9,2.5,3.2,4.1,19.0,13.0,7119.1,7011.1,6967.3,7117.5,28215,5.485,-149102.081734474,-146840.135023889,-145922.789969041,-149068.571412836,787.91143752032
330,8.5,180,10,67880,34250,84370,71330,43590,15760,55670,25640,67.9,34.3,84.4,71.3,43.6,15.8,55.7,25.6,257.8,140.7,51.7,309.5,71.7,30.8,90.4,57.9,37.0,21.8,45.2,49.0,6.8,2.9,8.6,5.5,3.5,2.1,4.3,4.7,62.7,38.2,6994,7103.8,6920.8,7306,28324.6,6.139,-146481.99346138,-148781.639283808,-144948.896246428,-153016.506180847,790.972046896617
330,8.5,180,12,108730,64760,120420,102540,67890,35380,79880,39370,108.7,64.8,120.4,102.5,67.9,35.4,79.9,39.4,396.5,222.5,78.0,474.5,113.2,63.0,129.4,85.4,60.2,38.4,64.3,69.1,7.5,4.2,8.6,5.6,4.0,2.5,4.3,4.6,97.7,58.0,6275.3,6381.4,6063.3,6474.6,25194.6,6.555,-131429.57586048,-133651.729064119,-126989.458243407,-135603.70529955,703.565957956741
330,16,100,6,19331,19372,22111,20747,12176,12686,14625,16156,19.3,19.4,22.1,20.7,12.2,12.7,14.6,16.2,81.6,55.6,18.3,99.9,20.2,20.7,23.7,24.4,10.7,10.4,11.8,9.9,5.3,5.5,6.3,6.4,2.8,2.8,3.1,2.6,22.2,10.7,2218.5,2077.6,2106.1,1981,8383.2,5.394,-25813.4196369961,-24173.9736929561,-24505.586250835,-23049.9816546718,130.057281647279
330,16,100,10,65730,36850,71830,64690,55510,23610,54460,29130,65.7,36.9,71.8,64.7,55.5,23.6,54.5,29.1,239.1,162.7,46.3,285.4,80.9,38.9,83.1,57.6,29.2,20.1,35.0,41.5,7.7,3.7,7.9,5.5,2.8,1.9,3.3,3.9,65.1,31.4,1954.5,2103.3,1937.1,2254.1,8249,5.693,-22741.6401534861,-24473.0067714645,-22539.1819602548,-26227.6444461361,127.975297775122
330,16,100,12,82083,45672,86885,76369,69140,34395,70733,38879,82.1,45.7,86.9,76.4,69.1,34.4,70.7,38.9,291.0,213.1,62.9,353.9,100.9,52.6,104.7,71.9,36.5,22.4,39.9,46.7,6.7,3.5,6.9,4.8,2.4,1.5,2.6,3.1,82.5,36.4,2153.4,2122.7,2180.8,1898.8,8355.7,4.812,-25055.9467416306,-24698.7360213891,-25374.7602183282,-22093.5412245789,129.630645607902
330,16,180,6,22568,18421,21563,20144,10357,9601,11530,8406,22.6,18.4,21.6,20.1,10.4,9.6,11.5,8.4,82.7,39.9,19.0,101.7,20.3,17.5,20.8,17.4,14.4,11.2,12.9,13.2,5.4,4.6,5.5,4.6,3.8,3.0,3.4,3.5,19.0,12.9,7004.5,7039,7017.5,7054.9,28115.9,5.469,-146701.904947131,-147424.471257457,-146974.176310443,-147757.480078738,785.144043458358
330,16,180,10,66919,38480,75420,66062,46898,19568,54333,26465,66.9,38.5,75.4,66.1,46.9,19.6,54.3,26.5,246.9,147.3,48.3,295.2,74.1,36.2,84.8,56.0,34.5,23.5,38.1,44.0,7.1,3.4,8.1,5.3,3.3,2.2,3.6,4.2,62.7,35.0,6441.5,6557.8,6222.5,6578.8,25800.6,5.878,-134910.460520658,-137346.242024741,-130323.735246417,-137786.064996244,720.488670384078
330,16,180,12,103830,52990,115750,102530,72870,31650,79690,37500,103.8,53.0,115.8,102.5,72.9,31.7,79.7,37.5,375.1,221.7,66.3,441.4,115.0,53.9,126.9,83.7,53.5,30.1,60.4,70.0,7.6,3.6,8.4,5.5,3.5,2.0,4.0,4.6,94.9,53.5,6042.8,6548.7,6023.6,6578.7,25193.8,6.202,-126560.107247416,-137155.652070423,-126157.983387757,-137783.970601141,703.543617742316
